date,NO2
2023-10-01,3.2871896e-05
2023-10-02,4.1522664e-05
2023-10-03,2.8801882e-05
2023-10-04,3.04286e-05
2023-10-05,3.7218502e-05
2023-10-06,3.511477e-05
2023-10-07,3.0070074e-05
2023-10-08,2.5025383e-05
2023-10-09,3.4926947e-05
2023-10-10,4.1154184e-05
2023-10-11,3.3168093e-05
2023-10-12,4.2756958e-05
2023-10-13,4.263387e-05
2023-10-14,2.8938724e-05
2023-10-15,1.4028082e-05
2023-10-16,3.9392384e-05
2023-10-17,4.4418834e-05
2023-10-18,4.375068e-05
2023-10-19,3.257925e-05
2023-10-20,4.7279384e-05
2023-10-21,3.3631004e-05
2023-10-22,4.121522e-05
2023-10-23,4.2627413e-05
2023-10-24,4.4342898e-05
2023-10-25,4.6058387e-05
2023-10-26,3.699214e-05
2023-10-27,6.360757e-05
2023-10-28,6.317624e-05
2023-10-29,4.247083e-05
2023-10-30,3.8735972e-05
2023-10-31,3.5001107e-05
2023-11-01,3.2191976e-05
2023-11-02,3.4098673e-05
2023-11-03,4.4482913e-05
2023-11-04,5.4867156e-05
2023-11-05,6.5251385e-05
2023-11-06,5.0721974e-05
2023-11-07,4.0754574e-05
2023-11-08,4.8298272e-05
2023-11-09,3.7483125e-05
2023-11-10,4.1870822e-05
2023-11-11,4.1915606e-05
2023-11-12,4.196039e-05
2023-11-13,4.2049956e-05
2023-11-14,4.157519e-05
2023-11-15,4.110043e-05
2023-11-16,4.1326268e-05
2023-11-17,3.0245832e-05
2023-11-18,2.6591784e-05
2023-11-19,2.3140681e-05
2023-11-20,4.1373216e-05
2023-11-21,4.073484e-05
2023-11-22,3.4897133e-05
2023-11-23,3.1497962e-05
2023-11-24,2.8098797e-05
2023-11-25,2.4699628e-05
2023-11-26,2.1300462e-05
2023-11-27,2.188278e-05
2023-11-28,2.2465096e-05
2023-11-29,2.3047412e-05
2023-11-30,2.3629731e-05
2023-12-01,2.3847566e-05
2023-12-02,2.4065399e-05
2023-12-03,2.4283236e-05
2023-12-04,2.4501069e-05
2023-12-05,2.4718905e-05
2023-12-06,2.5347652e-05
2023-12-07,2.59764e-05
2023-12-08,2.8282717e-05
2023-12-09,2.462214e-05
2023-12-10,2.1821666e-05
2023-12-11,1.9021194e-05
2023-12-12,2.5174582e-05
2023-12-13,2.995698e-05
2023-12-14,2.729733e-05
2023-12-15,2.4637682e-05
2023-12-16,1.950361e-05
2023-12-17,1.9046744e-05
2023-12-18,2.3059063e-05
2023-12-19,3.0143212e-05
2023-12-20,2.2958327e-05
2023-12-21,1.580064e-05
2023-12-22,1.8465793e-05
2023-12-23,2.3361505e-05
2023-12-24,2.1839141e-05
2023-12-25,2.352217e-05
2023-12-26,2.52052e-05
2023-12-27,3.1334188e-05
2023-12-28,3.154637e-05
2023-12-29,3.175855e-05
2023-12-30,2.9472161e-05
2023-12-31,1.8299083e-05
2024-01-01,1.82270455e-05
2024-01-02,1.8155008e-05
2024-01-03,1.8010935e-05
2024-01-04,1.7866862e-05
2024-01-05,2.0688503e-05
2024-01-06,2.2789525e-05
2024-01-07,2.4890545e-05
2024-01-08,2.6991565e-05
2024-01-09,2.9092584e-05
2024-01-10,2.8448525e-05
2024-01-11,2.320973e-05
2024-01-12,1.9691104e-05
2024-01-13,2.3306908e-05
2024-01-14,1.4248593e-05
2024-01-15,1.2239227e-05
2024-01-16,1.0229862e-05
2024-01-17,8.313572e-06
2024-01-18,6.3972825e-06
2024-01-19,4.4809935e-06
2024-01-20,2.5647048e-06
2024-01-21,-7.180586e-07
2024-01-22,1.3943443e-05
2024-01-23,1.7190228e-05
2024-01-24,2.0437017e-05
2024-01-25,1.7981087e-05
2024-01-26,2.3354614e-05
2024-01-27,2.8728142e-05
2024-01-28,2.4784526e-05
2024-01-29,2.0840911e-05
2024-01-30,1.6897297e-05
2024-01-31,1.2953678e-05
2024-02-01,1.3669762e-05
2024-02-02,1.4385844e-05
2024-02-03,1.5101926e-05
2024-02-04,1.5818006e-05
2024-02-05,1.4693929e-05
2024-02-06,1.5139002e-05
2024-02-07,1.5584075e-05
2024-02-08,1.6029147e-05
2024-02-09,1.6474221e-05
2024-02-10,1.7213773e-05
2024-02-11,1.7953325e-05
2024-02-12,2.2282367e-05
2024-02-13,1.2035752e-05
2024-02-14,2.1479329e-05
2024-02-15,2.2652493e-05
2024-02-16,2.7059777e-05
2024-02-17,2.340003e-05
2024-02-18,1.9740286e-05
2024-02-19,1.5196467e-05
2024-02-20,1.7225018e-05
2024-02-21,2.0536767e-05
2024-02-22,1.9703773e-05
2024-02-23,1.9099347e-05
2024-02-24,1.8494922e-05
2024-02-25,1.7890497e-05
2024-02-26,1.7286073e-05
2024-02-27,2.230355e-05
2024-02-28,2.2181915e-05
2024-02-29,2.2060285e-05
2024-03-01,2.1938651e-05
2024-03-02,2.1817019e-05
2024-03-03,2.1695387e-05
2024-03-04,2.1595179e-05
2024-03-05,2.2480199e-05
2024-03-06,2.7709113e-05
2024-03-07,2.7726612e-05
2024-03-08,2.6989559e-05
2024-03-09,2.6355798e-05
2024-03-10,2.5722036e-05
2024-03-11,2.5088273e-05
2024-03-12,2.4454512e-05
2024-03-13,2.382075e-05
2024-03-14,2.3186987e-05
2024-03-15,2.2553228e-05
2024-03-16,2.1919464e-05
2024-03-17,2.1285701e-05
2024-03-18,2.065194e-05
2024-03-19,2.376623e-05
2024-03-20,1.6089813e-05
2024-03-21,2.1101983e-05
2024-03-22,2.6114152e-05
2024-03-23,2.53701755e-05
2024-03-24,2.4626199e-05
2024-03-25,2.1653485e-05
2024-03-26,2.3043518e-05
2024-03-27,2.4433546e-05
2024-03-28,2.0952473e-05
2024-03-29,1.74714e-05
2024-03-30,1.0945746e-05
2024-03-31,1.6541388e-05
2024-04-01,1.7429293e-05
2024-04-02,1.8317201e-05
2024-04-03,1.9871759e-05
2024-04-04,1.9609164e-05
2024-04-05,1.2152655e-05
2024-04-06,4.696144e-06
2024-04-07,5.8885e-06
2024-04-08,7.0808537e-06
2024-04-09,8.2732095e-06
2024-04-10,9.465564e-06
2024-04-11,1.0657919e-05
2024-04-12,1.1850273e-05
2024-04-13,2.328081e-05
2024-04-14,1.8638013e-05
2024-04-15,1.3910428e-05
2024-04-16,1.5036297e-05
2024-04-17,1.7144985e-05
2024-04-18,1.9253672e-05
2024-04-19,2.2525961e-05
2024-04-20,1.9859313e-05
2024-04-21,2.0377902e-05
2024-04-22,2.0896492e-05
2024-04-23,2.1415084e-05
2024-04-24,2.1933673e-05
2024-04-25,2.2452263e-05
2024-04-26,2.2970853e-05
2024-04-27,2.5958474e-05
2024-04-28,3.464132e-05
2024-04-29,3.3937205e-05
2024-04-30,3.49026e-05
2024-05-01,3.5867997e-05
2024-05-02,3.6833386e-05
2024-05-03,3.3318665e-05
2024-05-04,1.5079208e-05
2024-05-05,2.9123592e-05
2024-05-06,1.3943011e-05
2024-05-07,2.067989e-05
2024-05-08,1.9968407e-05
2024-05-09,1.925692e-05
2024-05-10,1.8545436e-05
2024-05-11,2.5731342e-05
2024-05-12,2.578629e-05
2024-05-13,2.8800743e-05
2024-05-14,2.6892938e-05
2024-05-15,2.7228027e-05
2024-05-16,2.644372e-05
2024-05-17,2.4940944e-05
2024-05-18,2.3438166e-05
2024-05-19,4.0007024e-05
2024-05-20,3.0901578e-05
2024-05-21,2.6118878e-05
2024-05-22,3.320524e-05
2024-05-23,3.4339733e-05
2024-05-24,3.5474226e-05
2024-05-25,3.660872e-05
2024-05-26,2.999682e-05
2024-05-27,2.1081396e-05
2024-05-28,2.3966582e-05
2024-05-29,2.6851769e-05
2024-05-30,2.979162e-05
2024-05-31,2.9546096e-05
2024-06-01,3.1100808e-05
2024-06-02,2.9896402e-05
2024-06-03,2.8691991e-05
2024-06-04,3.5374742e-05
2024-06-05,2.2177188e-05
2024-06-06,2.815166e-05
2024-06-07,2.5079833e-05
2024-06-08,3.364775e-05
2024-06-09,4.0139836e-05
2024-06-10,4.6631918e-05
2024-06-11,5.3124004e-05
2024-06-12,2.898946e-05
2024-06-13,3.216785e-05
2024-06-14,3.2779335e-05
2024-06-15,2.9043153e-05
2024-06-16,1.6274296e-05
2024-06-17,2.5090967e-05
2024-06-18,3.390764e-05
2024-06-19,3.1082032e-05
2024-06-20,4.8163827e-05
2024-06-21,2.9781879e-05
2024-06-22,3.2408792e-05
2024-06-23,3.2881737e-05
2024-06-24,3.3354678e-05
2024-06-25,3.3827608e-05
2024-06-26,3.4300552e-05
2024-06-27,2.990355e-05
2024-06-28,2.5506546e-05
2024-06-29,1.84033e-05
2024-06-30,1.9252979e-05
2024-07-01,2.0102661e-05
2024-07-02,2.095234e-05
2024-07-03,2.1802023e-05
2024-07-04,2.2651706e-05
2024-07-05,2.3501385e-05
2024-07-06,1.7524102e-05
2024-07-07,2.2084776e-05
2024-07-08,1.9471534e-05
2024-07-09,3.3792705e-05
2024-07-10,3.3942706e-05
2024-07-11,3.4546825e-05
2024-07-12,2.924803e-05
2024-07-13,2.852044e-05
2024-07-14,2.3173676e-05
2024-07-15,3.694995e-05
2024-07-16,3.055774e-05
2024-07-17,3.233101e-05
2024-07-18,2.8677525e-05
2024-07-19,3.3840755e-05
2024-07-20,2.9279252e-05
2024-07-21,2.5842077e-05
2024-07-22,3.4290766e-05
2024-07-23,2.607017e-05
2024-07-24,2.1392376e-05
2024-07-25,3.6726502e-05
2024-07-26,2.289667e-05
2024-07-27,2.4228442e-05
2024-07-28,1.805502e-05
2024-07-29,2.2865754e-05
2024-07-30,2.4239094e-05
2024-07-31,2.5820407e-05
2024-08-01,2.767663e-05
2024-08-02,2.9532854e-05
2024-08-03,2.9262816e-05
2024-08-04,2.544451e-05
2024-08-05,3.643381e-05
2024-08-06,2.9109618e-05
2024-08-07,3.328423e-05
2024-08-08,3.1560427e-05
2024-08-09,2.6931752e-05
2024-08-10,2.4903302e-05
2024-08-11,2.466219e-05
2024-08-12,2.9938527e-05
2024-08-13,3.5214864e-05
2024-08-14,2.2333474e-05
2024-08-15,3.8155875e-05
2024-08-16,3.0125891e-05
2024-08-17,3.5972524e-05
2024-08-18,2.5359457e-05
2024-08-19,4.686972e-05
2024-08-20,4.918228e-05
2024-08-21,3.638284e-05
2024-08-22,2.9323019e-05
2024-08-23,2.6082142e-05
2024-08-24,2.2841263e-05
2024-08-25,3.0385589e-05
2024-08-26,2.0905847e-05
2024-08-27,2.9799054e-05
2024-08-28,2.8674449e-05
2024-08-29,3.5633126e-05
2024-08-30,3.029811e-05
2024-08-31,5.1346102e-05
2024-09-01,2.0243104e-05
2024-09-02,2.4857787e-05
2024-09-03,4.4054108e-05
2024-09-04,3.5855403e-05
2024-09-05,4.8783542e-05
2024-09-06,4.329954e-05
2024-09-07,4.1285173e-05
2024-09-08,3.6478217e-05
2024-09-09,3.167127e-05
2024-09-10,3.752214e-05
2024-09-11,4.3373013e-05
2024-09-12,4.191598e-05
2024-09-13,3.647913e-05
2024-09-14,4.584042e-05
2024-09-15,4.0613777e-05
2024-09-16,4.4355034e-05
2024-09-17,3.2845637e-05
2024-09-18,4.014391e-05
2024-09-19,4.791525e-05
2024-09-20,4.9115464e-05
2024-09-21,4.1751675e-05
2024-09-22,4.150944e-05
2024-09-23,4.1267216e-05
2024-09-24,4.102499e-05
2024-09-25,4.0782757e-05
2024-09-26,4.1250543e-05
2024-09-27,4.171833e-05
2024-09-28,4.756643e-05
2024-09-29,4.6025973e-05
2024-09-30,4.936428e-05
2024-10-01,4.6860154e-05
2024-10-02,5.2064406e-05
2024-10-03,4.7184356e-05
2024-10-04,4.5635836e-05
2024-10-05,4.4087312e-05
2024-10-06,3.4834113e-05
2024-10-07,4.0926756e-05
2024-10-08,3.4408888e-05
2024-10-09,3.027428e-05
2024-10-10,2.766656e-05
2024-10-11,1.9429659e-05
2024-10-12,2.9979457e-05
2024-10-13,3.9957664e-05
2024-10-14,3.7576094e-05
2024-10-15,2.917504e-05
2024-10-16,2.077399e-05
2024-10-17,2.3401517e-05
2024-10-18,2.3127686e-05
2024-10-19,2.2853861e-05
2024-10-20,2.2580034e-05
2024-10-21,2.2306205e-05
2024-10-22,2.2032378e-05
2024-10-23,1.8270654e-05
2024-10-24,2.1802674e-05
2024-10-25,2.5377192e-05
2024-10-26,2.8004824e-05
2024-10-27,2.2438007e-05
2024-10-28,3.305614e-05
2024-10-29,2.307678e-05
2024-10-30,2.2430597e-05
2024-10-31,2.4129236e-05
2024-11-01,2.582788e-05
2024-11-02,2.752652e-05
2024-11-03,2.9225157e-05
2024-11-04,3.0923802e-05
2024-11-05,3.262244e-05
2024-11-06,3.596733e-05
2024-11-07,2.7163776e-05
2024-11-08,3.3372322e-05
2024-11-09,3.2875087e-05
2024-11-10,3.237785e-05
2024-11-11,3.188062e-05
2024-11-12,3.138339e-05
2024-11-13,3.0886156e-05
2024-11-14,3.0561714e-05
2024-11-15,3.0396128e-05
2024-11-16,3.0230549e-05
2024-11-17,3.0064968e-05
2024-11-18,2.9899387e-05
2024-11-19,2.9733805e-05
2024-11-20,2.9568224e-05
2024-11-21,2.9242747e-05
2024-11-22,2.8917271e-05
2024-11-23,2.8591798e-05
2024-11-24,2.8266319e-05
2024-11-25,2.7940841e-05
2024-11-26,2.7615366e-05
2024-11-27,2.7289892e-05
2024-11-28,2.6964417e-05
2024-11-29,2.6638942e-05
2024-11-30,2.6313464e-05
2024-12-01,2.5987987e-05
2024-12-02,2.5662514e-05
2024-12-03,2.5337038e-05
2024-12-04,2.4728508e-05
2024-12-05,2.4119981e-05
2024-12-06,2.361813e-05
2024-12-07,2.3116283e-05
2024-12-08,2.2614437e-05
2024-12-09,2.2112588e-05
2024-12-10,2.1610738e-05
2024-12-11,2.1108888e-05
2024-12-12,2.0607042e-05
2024-12-13,2.0105193e-05
2024-12-14,1.9603345e-05
2024-12-15,1.9101497e-05
2024-12-16,1.8599647e-05
2024-12-17,1.80978e-05
2024-12-18,1.759595e-05
2024-12-19,1.7094102e-05
2024-12-20,1.797452e-05
2024-12-21,1.8854938e-05
2024-12-22,1.9735355e-05
2024-12-23,2.0615771e-05
2024-12-24,2.1496187e-05
2024-12-25,2.2376604e-05
2024-12-26,2.325702e-05
2024-12-27,2.4421965e-05
2024-12-28,2.558691e-05
2024-12-29,2.6751855e-05
2024-12-30,2.7706548e-05
2024-12-31,2.8661249e-05
2025-01-01,2.9442062e-05
2025-01-02,3.0222876e-05
2025-01-03,3.1003692e-05
2025-01-04,2.9717534e-05
2025-01-05,2.8431377e-05
2025-01-06,2.7145223e-05
2025-01-07,2.3824434e-05
2025-01-08,2.5107676e-05
2025-01-09,2.6390917e-05
2025-01-10,2.6627673e-05
2025-01-11,2.6864429e-05
2025-01-12,2.6735912e-05
2025-01-13,2.6607397e-05
2025-01-14,2.647888e-05
2025-01-15,2.6350364e-05
2025-01-16,2.6221845e-05
2025-01-17,2.609333e-05
2025-01-18,2.6255368e-05
2025-01-19,2.6369351e-05
2025-01-20,2.6196487e-05
2025-01-21,2.6023627e-05
2025-01-22,2.5850763e-05
2025-01-23,2.5677899e-05
2025-01-24,2.5505038e-05
2025-01-25,2.5332176e-05
2025-01-26,2.5159312e-05
2025-01-27,2.4986448e-05
2025-01-28,2.4813588e-05
2025-01-29,2.4640723e-05
2025-01-30,2.4583102e-05
2025-01-31,2.4525481e-05
2025-02-01,2.446786e-05
2025-02-02,2.4295e-05
2025-02-03,2.4122135e-05
2025-02-04,2.3949273e-05
2025-02-05,2.3776409e-05
2025-02-06,2.3603548e-05
2025-02-07,2.3430684e-05
2025-02-08,2.3257822e-05
2025-02-09,2.3084962e-05
2025-02-10,2.2912098e-05
2025-02-11,2.2739234e-05
2025-02-12,2.2486942e-05
2025-02-13,2.2304746e-05
2025-02-14,2.2122547e-05
2025-02-15,2.1940352e-05
2025-02-16,2.1758155e-05
2025-02-17,2.0693082e-05
2025-02-18,1.9628009e-05
2025-02-19,1.9716152e-05
2025-02-20,1.9804294e-05
2025-02-21,1.9892439e-05
2025-02-22,1.9980584e-05
2025-02-23,2.0068726e-05
2025-02-24,2.015687e-05
2025-02-25,2.0245012e-05
2025-02-26,2.050208e-05
2025-02-27,2.0759151e-05
2025-02-28,1.3836981e-05
2025-03-01,9.72045e-06
2025-03-02,1.3568091e-05
2025-03-03,2.8368238e-05
2025-03-04,3.6963276e-05
2025-03-05,3.2943273e-05
2025-03-06,2.1257163e-05
2025-03-07,2.011973e-05
2025-03-08,1.8982295e-05
2025-03-09,1.7844863e-05
2025-03-10,1.670743e-05
2025-03-11,1.5569996e-05
2025-03-12,1.6473648e-05
2025-03-13,1.770356e-05
2025-03-14,1.8933466e-05
2025-03-15,2.0163376e-05
2025-03-16,2.1393287e-05
2025-03-17,2.3320417e-05
2025-03-18,2.5247546e-05
2025-03-19,2.487949e-05
2025-03-20,2.451143e-05
2025-03-21,2.7015036e-05
2025-03-22,2.7428589e-05
2025-03-23,2.7842138e-05
2025-03-24,2.825569e-05
2025-03-25,2.3874838e-05
2025-03-26,2.0702817e-05
2025-03-27,1.8450894e-05
2025-03-28,1.7834942e-05
2025-03-29,1.721899e-05
2025-03-30,1.6603039e-05
2025-03-31,1.5987087e-05
2025-04-01,1.4930456e-05
2025-04-02,1.7643466e-05
2025-04-03,1.7767192e-05
2025-04-04,1.7890918e-05
2025-04-05,1.6673714e-05
2025-04-06,1.90553e-05
2025-04-07,1.3913526e-05
2025-04-08,1.640492e-05
2025-04-09,1.9124245e-05
2025-04-10,2.184357e-05
2025-04-11,2.4562896e-05
2025-04-12,2.7282222e-05
2025-04-13,2.8673327e-05
2025-04-14,3.0064428e-05
2025-04-15,3.1455533e-05
2025-04-16,3.2846634e-05
2025-04-17,3.145984e-05
2025-04-18,3.0073046e-05
2025-04-19,2.8686252e-05
2025-04-20,2.2941662e-05
2025-04-21,1.7197068e-05
2025-04-22,1.1452476e-05
2025-04-23,2.30496e-05
2025-04-24,2.8367174e-05
2025-04-25,2.204532e-05
2025-04-26,1.5723472e-05
2025-04-27,1.915916e-05
2025-04-28,2.136661e-05
2025-04-29,2.3574059e-05
2025-04-30,2.3874538e-05
2025-05-01,2.4175017e-05
2025-05-02,2.405898e-05
2025-05-03,2.1030803e-05
2025-05-04,2.5868614e-05
2025-05-05,2.246395e-05
2025-05-06,2.0234073e-05
2025-05-07,3.0393105e-05
2025-05-08,2.6971506e-05
2025-05-09,2.354991e-05
2025-05-10,1.7739156e-05
2025-05-11,2.5532909e-05
2025-05-12,2.4922525e-05
2025-05-13,2.4312143e-05
2025-05-14,2.3010005e-05
2025-05-15,1.9729268e-05
2025-05-16,1.8862396e-05
2025-05-17,1.7995524e-05
2025-05-18,1.7128652e-05
2025-05-19,1.7725522e-05
2025-05-20,1.8322391e-05
2025-05-21,1.8948776e-05
2025-05-22,1.9575156e-05
2025-05-23,2.020154e-05
2025-05-24,2.0827922e-05
2025-05-25,2.0322648e-05
2025-05-26,1.9817375e-05
2025-05-27,1.93121e-05
2025-05-28,1.880683e-05
2025-05-29,1.8301555e-05
2025-05-30,1.8554108e-05
2025-05-31,2.4081915e-05
2025-06-01,2.9609722e-05
2025-06-02,3.513753e-05
2025-06-03,1.9711188e-05
2025-06-04,2.6758114e-05
2025-06-05,1.8747094e-05
2025-06-06,1.9899664e-05
2025-06-07,2.6702073e-05
2025-06-08,2.4560872e-05
2025-06-09,2.241967e-05
2025-06-10,2.0278469e-05
2025-06-11,2.574199e-05
2025-06-12,3.46089e-05
2025-06-13,3.1493735e-05
2025-06-14,2.8378567e-05
2025-06-15,2.52634e-05
2025-06-16,2.2148233e-05
2025-06-17,2.1564294e-05
2025-06-18,2.4110996e-05
2025-06-19,2.029468e-05
2025-06-20,1.6478363e-05
2025-06-21,1.2662048e-05
2025-06-22,1.2538797e-05
2025-06-23,1.2415545e-05
2025-06-24,1.2292294e-05
2025-06-25,1.718093e-05
2025-06-26,2.2069571e-05
2025-06-27,2.6958209e-05
2025-06-28,2.4236153e-05
2025-06-29,2.1514099e-05
2025-06-30,2.0958321e-05
2025-07-01,2.2493816e-05
2025-07-02,1.8369132e-05
2025-07-03,2.160027e-05
2025-07-04,2.483141e-05
2025-07-05,2.1711878e-05
2025-07-06,1.8592347e-05
2025-07-07,1.5472811e-05
2025-07-08,1.8726352e-05
2025-07-09,1.8402336e-05
2025-07-10,1.5823294e-05
2025-07-11,1.6869055e-05
2025-07-12,1.7914816e-05
2025-07-13,1.8960576e-05
2025-07-14,2.0006339e-05
2025-07-15,2.0025569e-05
2025-07-16,2.0044801e-05
2025-07-17,2.2397002e-05
2025-07-18,1.8736093e-05
2025-07-19,3.0463034e-05
2025-07-20,2.8564631e-05
2025-07-21,1.7812648e-05
2025-07-22,2.831162e-05
2025-07-23,2.0227615e-05
2025-07-24,1.9404726e-05
2025-07-25,1.8242443e-05
2025-07-26,2.1768526e-05
2025-07-27,2.529461e-05
2025-07-28,2.4977126e-05
2025-07-29,2.5477473e-05
2025-07-30,2.5977819e-05
2025-07-31,2.6478165e-05
2025-08-01,1.7485792e-05
2025-08-02,1.7413719e-05
2025-08-03,1.592139e-05
2025-08-04,1.9642132e-05
2025-08-05,2.3082646e-05
2025-08-06,1.5135634e-05
2025-08-07,2.3571212e-05
2025-08-08,2.0611222e-05
2025-08-09,3.0050267e-05
2025-08-10,4.870444e-05
2025-08-11,2.8700613e-05
2025-08-12,1.7793505e-05
2025-08-13,2.9376526e-05
2025-08-14,2.9928005e-05
2025-08-15,3.286275e-05
2025-08-16,3.3588025e-05
2025-08-17,2.3207547e-05
2025-08-18,2.4260698e-05
2025-08-19,2.4179382e-05
2025-08-20,2.4098066e-05
2025-08-21,2.4016748e-05
2025-08-22,2.3935434e-05
2025-08-23,2.6388256e-05
2025-08-24,2.4930236e-05
2025-08-25,2.4190907e-05
2025-08-26,2.8976394e-05
2025-08-27,1.7561244e-05
2025-08-28,1.873033e-05
2025-08-29,2.2373126e-05
2025-08-30,2.3829372e-05
2025-08-31,2.5285619e-05
2025-09-01,2.9855462e-05
2025-09-02,2.4714422e-05
2025-09-03,3.0891984e-05
2025-09-04,2.6923904e-05
2025-09-05,2.2955828e-05
2025-09-06,1.603463e-05
2025-09-07,1.792914e-05
2025-09-08,1.982365e-05
2025-09-09,2.1718164e-05
2025-09-10,2.5503587e-05
2025-09-11,2.9289014e-05
2025-09-12,3.269481e-05
2025-09-13,3.0726103e-05
2025-09-14,2.2064358e-05
2025-09-15,2.6213338e-05
2025-09-16,2.8411034e-05
2025-09-17,3.060873e-05
2025-09-18,2.2722406e-05
2025-09-19,2.000541e-05
2025-09-20,2.2584123e-05
2025-09-21,2.5162835e-05
2025-09-22,2.7741547e-05
2025-09-23,2.8281376e-05
2025-09-24,3.2160096e-05
2025-09-25,2.8772442e-05
2025-09-26,2.3757259e-05
2025-09-27,2.7793683e-05
2025-09-28,2.366011e-05
2025-09-29,2.5053821e-05
2025-09-30,2.6447531e-05
2025-10-01,2.784124e-05
2025-10-02,2.9234952e-05
2025-10-03,2.354931e-05
2025-10-04,3.005479e-05
2025-10-05,3.0008689e-05
2025-10-06,3.4579618e-05
2025-10-07,3.1863943e-05
2025-10-08,1.8543229e-05
2025-10-09,2.4469216e-05
2025-10-10,2.9016353e-05
2025-10-11,2.1359843e-05
2025-10-12,1.8664117e-05
2025-10-13,2.7486889e-05
2025-10-14,2.3610117e-05
2025-10-15,3.152307e-05
2025-10-16,3.2557768e-05
2025-10-17,3.3897137e-05
2025-10-18,3.5236502e-05
2025-10-19,3.6320274e-05
2025-10-20,3.6636797e-05
2025-10-21,3.3542896e-05
2025-10-22,3.044899e-05
2025-10-23,2.7355089e-05
2025-10-24,2.624685e-05
2025-10-25,2.5138612e-05
2025-10-26,2.403037e-05
2025-10-27,2.2922135e-05
2025-10-28,2.1813896e-05
2025-10-29,2.0705658e-05
2025-10-30,1.959742e-05
2025-10-31,2.0156818e-05
2025-11-01,2.0716217e-05
2025-11-02,2.1186603e-05
2025-11-03,2.165699e-05
2025-11-04,2.2127377e-05
2025-11-05,2.1593467e-05
2025-11-06,2.1059554e-05
2025-11-07,2.0525644e-05
2025-11-08,1.957632e-05
2025-11-09,1.8626999e-05
2025-11-10,1.767768e-05
2025-11-11,1.6728356e-05
2025-11-12,1.6833965e-05
2025-11-13,1.693957e-05
2025-11-14,1.7045175e-05
2025-11-15,1.7150784e-05
2025-11-16,1.725639e-05
2025-11-17,1.7361997e-05
2025-11-18,1.7467602e-05
2025-11-19,1.757321e-05
2025-11-20,1.7678816e-05
2025-11-21,1.7784423e-05
2025-11-22,1.789003e-05
2025-11-23,1.9360583e-05
2025-11-24,2.0161973e-05
2025-11-25,2.0963365e-05
2025-11-26,2.1764756e-05
2025-11-27,1.7816516e-05
2025-11-28,2.0394153e-05
2025-11-29,1.9733881e-05
2025-11-30,2.1376785e-05
2025-12-01,2.3019682e-05
2025-12-02,2.0939427e-05
2025-12-03,1.8620729e-05
2025-12-04,1.937324e-05
2025-12-05,2.012575e-05
2025-12-06,2.087826e-05
2025-12-07,2.095126e-05
2025-12-08,2.102426e-05
2025-12-09,2.109726e-05
2025-12-10,2.1170263e-05
2025-12-11,2.1243259e-05
2025-12-12,2.1316262e-05
2025-12-13,1.9187728e-05
2025-12-14,1.7059194e-05
2025-12-15,1.4930662e-05
2025-12-16,1.5450263e-05
2025-12-17,1.1388536e-05
2025-12-18,1.7047354e-05
2025-12-19,1.7923743e-05
2025-12-20,1.8800132e-05
2025-12-21,1.967652e-05
2025-12-22,1.6488704e-05
2025-12-23,1.3300887e-05
2025-12-24,1.3406957e-05
2025-12-25,1.1864377e-05
2025-12-26,1.6551268e-05
2025-12-27,1.585937e-05
2025-12-28,2.219264e-05
2025-12-29,2.4802033e-05
2025-12-30,1.5093236e-05
2025-12-31,1.6570875e-05
2026-01-01,1.8048517e-05
2026-01-02,1.952616e-05
2026-01-03,1.9818013e-05
2026-01-04,2.0109868e-05
2026-01-05,2.0401721e-05
2026-01-06,2.0693575e-05
2026-01-07,2.098543e-05
2026-01-08,2.1277283e-05
2026-01-09,2.0210744e-05
2026-01-10,1.9029749e-05
2026-01-11,1.784875e-05
2026-01-12,1.6667755e-05
2026-01-13,1.6458369e-05
2026-01-14,1.7007771e-05
2026-01-15,1.7557175e-05
2026-01-16,1.8106577e-05
2026-01-17,1.865598e-05
2026-01-18,1.9205381e-05
2026-01-19,1.9529545e-05
2026-01-20,1.9853707e-05
2026-01-21,2.0177871e-05
2026-01-22,2.0502033e-05
2026-01-23,2.0826197e-05
2026-01-24,2.115036e-05
2026-01-25,2.1474523e-05
2026-01-26,2.1978496e-05
2026-01-27,2.2482463e-05
2026-01-28,2.2986438e-05
2026-01-29,2.349041e-05
2026-01-30,2.399438e-05
2026-01-31,2.2256116e-05
2026-02-01,2.2920603e-05
2026-02-02,2.3585095e-05
2026-02-03,2.424958e-05
2026-02-04,2.0957397e-05
2026-02-05,2.0637322e-05
2026-02-06,1.9623463e-05
2026-02-07,1.86096e-05
2026-02-08,1.7595738e-05
2026-02-09,1.789289e-05
2026-02-10,1.8190041e-05
2026-02-11,1.8487195e-05
2026-02-12,1.8784345e-05
2026-02-13,1.9081497e-05
2026-02-14,1.9378647e-05
2026-02-15,1.9675801e-05
2026-02-16,2.1209125e-05
2026-02-17,2.13901e-05
2026-02-18,2.1571079e-05
2026-02-19,2.1752054e-05
2026-02-20,2.1933032e-05
2026-02-21,2.2241338e-05
2026-02-22,2.2549644e-05
2026-02-23,2.2857952e-05
2026-02-24,2.3166258e-05
2026-02-25,2.3474562e-05
2026-02-26,2.378287e-05
2026-02-27,2.4091176e-05
2026-02-28,2.4466539e-05
2026-03-01,2.4841902e-05
2026-03-02,2.4895511e-05
2026-03-03,2.494912e-05
2026-03-04,2.3430553e-05
2026-03-05,2.1911983e-05
2026-03-06,2.039341e-05
2026-03-07,1.8874844e-05
2026-03-08,1.7356273e-05
2026-03-09,1.5837704e-05
2026-03-10,1.43207335e-05
2026-03-11,7.792424e-06
2026-03-12,1.2903332e-05
2026-03-13,1.79784e-05
2026-03-14,2.216978e-05
2026-03-15,1.9611218e-05
2026-03-16,2.313328e-05
2026-03-17,2.4342427e-05
2026-03-18,2.5551573e-05
2026-03-19,3.000188e-05
2026-03-20,2.2120495e-05
2026-03-21,1.4239109e-05
2026-03-22,1.740214e-05
2026-03-23,2.0565174e-05
2026-03-24,2.0615256e-05
2026-03-25,2.0665342e-05
2026-03-26,2.0715428e-05
2026-03-27,2.0765512e-05
2026-03-28,2.208393e-05
2026-03-29,2.3402346e-05
2026-03-30,2.7738844e-05
2026-03-31,3.2075342e-05
2026-04-01,3.6411835e-05
2026-04-02,3.1384425e-05
2026-04-03,2.6357018e-05
2026-04-04,2.4380535e-05
2026-04-05,2.1166146e-05
2026-04-06,2.0389969e-05
2026-04-07,1.9512616e-05
2026-04-08,1.8635263e-05
2026-04-09,1.7757908e-05
2026-04-10,1.6880556e-05
2026-04-11,1.6003201e-05
2026-04-12,1.5125849e-05
2026-04-13,1.9059466e-05
2026-04-14,2.2993087e-05
2026-04-15,3.1250176e-05
2026-04-16,2.7930924e-05
2026-04-17,2.766204e-05
2026-04-18,2.970076e-05
2026-04-19,2.375478e-05
2026-04-20,2.3928726e-05
2026-04-21,2.8788016e-05
2026-04-22,2.6549647e-05
2026-04-23,2.431128e-05
2026-04-24,2.375985e-05
2026-04-25,2.9537487e-05
2026-04-26,1.6753904e-05
2026-04-27,3.8995913e-05
2026-04-28,3.5206136e-05
2026-04-29,3.0773677e-05
2026-04-30,2.6190235e-05
2026-05-01,2.1606793e-05
2026-05-02,2.3377886e-05
2026-05-03,2.5148976e-05
2026-05-04,2.692007e-05
2026-05-05,2.869116e-05
2026-05-06,3.880039e-05
2026-05-07,3.737506e-05
2026-05-08,4.000515e-05
2026-05-09,4.2635234e-05
2026-05-10,1.9534118e-05
2026-05-11,1.7083992e-05
2026-05-12,2.3187338e-05
2026-05-13,2.3924613e-05
2026-05-14,2.7533162e-05
2026-05-15,3.114171e-05
2026-05-16,2.2458209e-05
2026-05-17,2.3888213e-05
2026-05-18,2.4408488e-05
2026-05-19,2.6928412e-05
2026-05-20,2.9448332e-05
2026-05-21,3.1968255e-05
2026-05-22,3.4488177e-05
2026-05-23,3.3470682e-05
2026-05-24,3.295004e-05
2026-05-25,3.3235385e-05
2026-05-26,2.770246e-05
2026-05-27,2.8420145e-05
2026-05-28,2.3129207e-05
2026-05-29,2.141978e-05
2026-05-30,2.2631037e-05
2026-05-31,2.6758817e-05
2026-06-01,2.6758817e-05
